{
    "mods": [
        {
            "name": "base",
            "enabled": "true"
        },
        {
            "name": "advanced-logistics-system",
            "enabled": "true"
        },
        {
            "name": "Bottleneck",
            "enabled": "true"
        },
        {
            "name": "clock",
            "enabled": "true"
        },
        {
            "name": "Enhanced_Map_Colors",
            "enabled": "true"
        },
        {
            "name": "GDIW",
            "enabled": "true"
        },
        {
            "name": "long-reach",
            "enabled": "true"
        },
        {
            "name": "longer-underground-belts",
            "enabled": "true"
        },
        {
            "name": "longer-underground-pipes",
            "enabled": "true"
        }
    ]
}
